timestamp	player	primary	rtt	rtt_max	gap	jitter	cmd_resp	cmd_upload	server_queue	commands	burst	frame_gap	frame_work	renderer	server_tick	server_lag	slow_count	payload_p95	over_budget	pred_mode	pred_ticks
2026-06-30T00:16:55.350822Z	9	snapshot_gap	23	76	116	4	87	58	51	5	2	26	7	4	3	0	0	512	0	disabled	0
2026-06-30T00:16:55.434664Z	7	prediction_correction	29	145	82	49	91	44	55	10	1	150	10	7	4	1	0	768	0	tracking	1
2026-06-30T00:17:05.334404Z	9	snapshot_gap	80	80	108	33	67	25	49	4	2	9	2	1	3	0	0	768	0	disabled	0
2026-06-30T00:17:05.490493Z	7	prediction_correction	31	71	75	6	80	80	50	9	1	17	6	5	3	0	0	768	0	tracking	1
2026-06-30T00:17:15.338542Z	9	snapshot_gap	27	27	107	8	109	67	47	3	1	9	2	1	3	0	0	768	0	disabled	0
2026-06-30T00:17:15.494865Z	7	prediction_correction	33	33	77	3	77	31	49	4	1	17	6	4	3	0	0	768	0	tracking	1
2026-06-30T00:17:25.378883Z	9	snapshot_gap	13	66	112	4	63	17	47	6	2	9	2	1	4	1	0	768	0	disabled	0
2026-06-30T00:17:25.502177Z	7	prediction_correction	29	79	66	7	77	70	49	9	2	17	5	4	3	0	0	1024	0	tracking	1
2026-06-30T00:17:35.340327Z	9	snapshot_gap	11	59	108	4	100	62	47	7	1	9	2	1	3	0	0	1024	0	disabled	0
2026-06-30T00:17:35.502692Z	7	prediction_correction	71	73	68	1	80	44	44	5	1	17	6	5	3	0	0	1024	0	tracking	1
2026-06-30T00:17:45.336550Z	9	snapshot_gap	17	17	121	59	101	76	47	14	2	9	2	1	3	0	0	1024	0	disabled	0
2026-06-30T00:17:45.568557Z	7	prediction_correction	25	30	70	6	77	76	47	7	2	17	6	5	3	0	0	1024	0	resyncing	1
2026-06-30T00:17:55.354972Z	9	command_server_queue	117	117	108	51	88	58	79	6	2	9	2	1	3	0	0	1280	0	disabled	0
2026-06-30T00:17:55.569055Z	7	prediction_correction	26	72	69	10	80	34	49	8	2	17	5	4	3	0	0	1024	0	tracking	1
2026-06-30T00:18:05.345696Z	9	snapshot_gap	9	35	122	48	111	111	48	10	2	9	2	1	4	0	0	1280	0	disabled	0
2026-06-30T00:18:05.575255Z	7	prediction_correction	31	32	70	7	85	82	54	8	1	17	5	4	3	0	0	1024	0	tracking	1
2026-06-30T00:18:15.338355Z	9	snapshot_gap	21	59	107	41	91	57	52	10	2	9	2	1	3	0	0	1280	0	disabled	0
2026-06-30T00:18:15.573366Z	7	prediction_correction	28	37	84	9	77	31	49	3	1	17	7	7	3	0	0	1280	0	resyncing	1
2026-06-30T00:18:25.349994Z	9	packet_budget_pressure	22	61	114	63	103	69	52	15	2	10	2	1	3	0	0	1536	6238	disabled	0
2026-06-30T00:18:25.585473Z	7	prediction_correction	83	83	67	2	83	77	50	10	2	17	6	4	4	0	0	1536	1155	resyncing	1
2026-06-30T00:18:35.365497Z	9	packet_budget_pressure	17	25	107	33	72	52	33	5	2	13	2	1	4	1	0	1536	10000	disabled	0
2026-06-30T00:18:35.597165Z	7	prediction_correction	37	73	73	15	74	33	45	3	1	17	5	4	4	1	0	1536	9472	resyncing	1
2026-06-30T00:18:45.335164Z	9	packet_budget_pressure	13	84	113	31	76	33	39	5	2	9	2	1	3	1	0	1536	10000	disabled	0
2026-06-30T00:18:45.595110Z	7	prediction_correction	28	71	66	13	76	34	47	4	1	17	9	7	3	0	0	1536	1974	resyncing	1
2026-06-30T00:18:55.335300Z	9	command_server_queue	51	51	108	3	104	68	91	8	2	9	2	1	3	0	0	2048	10000	disabled	0
2026-06-30T00:18:55.604931Z	7	prediction_correction	33	33	66	3	71	39	44	8	2	17	7	5	3	0	0	1536	8746	resyncing	1
2026-06-30T00:19:05.339035Z	9	command_server_queue	95	95	415	18	107	70	95	11	2	9	3	2	3	0	0	2048	10000	disabled	0
2026-06-30T00:19:05.614750Z	7	command_upload_delay	34	34	283	12	318	318	33	7	2	17	6	5	5	0	0	2048	10000	resyncing	1
2026-06-30T00:19:15.339854Z	9	command_server_queue	71	71	105	3	95	15	80	5	2	9	2	1	4	0	0	2048	10000	disabled	0
2026-06-30T00:19:15.619151Z	7	prediction_correction	57	57	63	3	76	31	45	3	1	17	7	5	3	0	0	2048	10000	resyncing	1
2026-06-30T00:19:25.336370Z	9	packet_budget_pressure	51	51	121	25	54	45	35	10	2	9	2	2	4	0	0	3072	10000	disabled	0
2026-06-30T00:19:25.637093Z	7	prediction_correction	29	55	51	5	70	58	41	6	2	17	10	10	5	1	0	2048	10000	resyncing	1
2026-06-30T00:19:35.415827Z	9	command_density	11	34	126	10	74	45	35	26	2	9	2	2	4	0	0	2048	10000	disabled	0
2026-06-30T00:19:35.657456Z	7	command_density	33	50	50	4	68	52	35	26	2	17	8	6	4	0	0	2048	10000	resyncing	1
2026-06-30T00:19:45.367021Z	9	command_upload_delay	13	87	235	12	182	181	27	8	2	9	2	1	4	0	0	3072	10000	disabled	0
2026-06-30T00:19:45.657548Z	7	prediction_correction	32	52	262	2	162	106	56	13	2	17	10	9	5	1	0	2048	10000	resyncing	2
2026-06-30T00:19:55.339728Z	9	packet_budget_pressure	8	243	325	52	92	92	47	15	3	9	2	2	5	0	0	3072	10000	disabled	0
2026-06-30T00:19:55.668892Z	7	prediction_correction	28	175	291	4	69	48	32	7	3	17	7	6	5	0	0	3072	10000	resyncing	2
2026-06-30T00:20:05.361430Z	9	command_server_queue	9	25	267	57	133	124	71	31	16	9	3	2	4	0	0	3072	10000	disabled	0
2026-06-30T00:20:05.664851Z	7	prediction_correction	31	60	233	5	68	39	31	2	1	17	10	7	4	0	0	3072	10000	resyncing	1
2026-06-30T00:20:15.336096Z	9	packet_budget_pressure	46	268	462	50	158	149	41	15	2	9	2	2	5	0	2	3072	10000	disabled	0
2026-06-30T00:20:15.675297Z	7	command_upload_delay	31	466	326	3	435	305	130	4	1	17	6	5	4	0	2	3072	10000	resyncing	1
2026-06-30T00:20:25.345981Z	9	command_server_queue	17	117	105	43	112	85	79	12	2	9	4	3	6	0	2	3072	10000	disabled	0
2026-06-30T00:20:25.803036Z	7	prediction_correction	30	34	90	35	71	61	33	10	2	17	6	6	4	0	2	3072	10000	resyncing	1
2026-06-30T00:20:35.337827Z	9	command_server_queue	25	84	434	11	146	128	100	20	2	9	2	2	5	0	4	3072	10000	disabled	0
2026-06-30T00:20:35.687869Z	7	command_upload_delay	32	59	350	3	238	235	109	6	2	17	10	9	5	1	4	3072	10000	resyncing	1
2026-06-30T00:20:45.340036Z	9	command_server_queue	20	59	634	70	104	80	92	6	2	9	3	2	7	0	7	4096	10000	disabled	0
2026-06-30T00:20:45.705171Z	7	command_upload_delay	29	34	368	4	281	231	66	3	1	17	10	6	4	0	7	3072	10000	resyncing	1
2026-06-30T00:20:55.340072Z	9	packet_budget_pressure	39	39	466	28	154	146	34	14	5	9	3	2	5	1	9	4096	10000	disabled	0
2026-06-30T00:20:55.875343Z	7	command_upload_delay	31	43	365	4	288	283	33	8	1	17	10	8	5	0	9	3072	10000	resyncing	1
2026-06-30T00:21:05.355395Z	9	command_upload_delay	19	69	469	28	435	434	32	5	2	17	3	2	5	0	9	4096	10000	disabled	0
2026-06-30T00:21:05.710607Z	7	command_upload_delay	33	482	526	33	575	523	517	6	2	17	10	9	5	0	9	3072	10000	resyncing	1
2026-06-30T00:21:15.335494Z	9	command_upload_delay	19	50	438	8	447	441	25	7	2	9	4	3	4	0	10	4096	10000	disabled	0
2026-06-30T00:21:15.727717Z	7	command_upload_delay	43	464	544	7	368	368	119	16	2	17	7	5	4	0	10	4096	10000	resyncing	1
2026-06-30T00:21:25.340655Z	9	command_upload_delay	175	175	374	267	355	347	40	16	2	9	4	3	5	0	10	6144	10000	disabled	0
2026-06-30T00:21:25.993440Z	7	command_server_queue	198	198	504	82	299	140	159	3	1	17	6	5	4	0	10	4096	10000	resyncing	1
2026-06-30T00:21:35.362312Z	9	command_upload_delay	141	284	567	31	280	280	34	14	5	9	4	3	5	0	10	6144	10000	disabled	0
2026-06-30T00:21:35.741721Z	7	command_upload_delay	42	438	466	11	465	464	34	23	2	17	7	5	5	0	10	4096	10000	resyncing	3
2026-06-30T00:21:45.762494Z	9	command_upload_delay	25	42	500	23	409	264	392	10	2	9	4	3	4	0	10	4096	10000	disabled	0
2026-06-30T00:21:45.911487Z	7	command_upload_delay	37	288	364	10	363	351	35	18	2	17	7	5	6	0	10	4096	10000	resyncing	2
2026-06-30T00:21:55.637926Z	9	command_upload_delay	14	552	625	14	226	226	50	12	4	9	4	3	5	0	10	4096	10000	disabled	0
2026-06-30T00:21:56.067288Z	7	command_upload_delay	31	375	532	33	520	520	33	10	2	17	8	8	4	0	10	3072	10000	resyncing	2
2026-06-30T00:22:05.361564Z	9	command_upload_delay	67	361	574	33	565	564	160	16	4	9	4	3	5	0	10	6144	10000	disabled	0
2026-06-30T00:22:05.791744Z	7	command_upload_delay	164	317	351	33	463	460	33	9	2	17	7	6	6	1	10	4096	10000	resyncing	2
2026-06-30T00:22:15.348774Z	9	command_upload_delay	118	375	501	35	640	630	55	11	7	10	4	3	7	0	10	6144	10000	disabled	0
2026-06-30T00:22:15.795482Z	7	command_upload_delay	51	365	636	33	386	383	58	14	3	17	7	6	5	0	10	4096	10000	resyncing	2
2026-06-30T00:22:25.345050Z	9	command_server_queue	81	425	483	49	131	123	74	15	6	9	4	3	6	0	11	6144	10000	disabled	0
2026-06-30T00:22:25.797895Z	7	command_server_queue	95	95	401	4	274	143	239	7	3	17	7	6	5	0	11	4096	10000	resyncing	3
2026-06-30T00:22:35.514445Z	9	command_server_queue	377	377	406	14	250	140	178	24	6	10	4	3	5	0	11	6144	10000	disabled	0
2026-06-30T00:22:35.988758Z	7	command_upload_delay	255	783	933	12	890	890	32	8	2	17	7	6	8	1	11	4096	10000	resyncing	1
2026-06-30T00:22:45.623705Z	9	command_upload_delay	368	368	450	43	515	514	407	13	2	9	5	4	5	0	15	6144	10000	disabled	0
2026-06-30T00:22:45.811790Z	7	command_upload_delay	31	266	514	112	382	382	87	13	5	17	7	6	6	0	15	6144	10000	resyncing	3
2026-06-30T00:22:55.348195Z	9	command_upload_delay	41	394	393	34	395	373	166	35	4	17	9	8	5	0	15	6144	10000	disabled	0
2026-06-30T00:22:55.939337Z	7	command_upload_delay	34	67	366	143	299	299	32	6	1	17	8	6	5	1	15	4096	10000	resyncing	1
2026-06-30T00:23:05.344569Z	9	command_upload_delay	17	59	402	33	408	395	394	13	2	17	4	4	6	0	15	6144	10000	disabled	0
2026-06-30T00:23:05.877086Z	7	command_response_delay	70	153	401	33	195	169	33	10	2	17	7	7	7	1	15	4096	10000	predicting	1
2026-06-30T00:23:15.421063Z	9	command_upload_delay	192	248	410	67	206	189	76	17	4	17	8	7	5	0	15	6144	10000	disabled	0
2026-06-30T00:23:15.909607Z	7	command_upload_delay	65	303	467	147	284	270	46	6	2	17	10	9	6	0	15	6144	10000	resyncing	2
2026-06-30T00:23:25.345182Z	9	command_upload_delay	74	125	441	13	498	484	101	20	2	9	8	7	6	0	15	6144	10000	disabled	0
2026-06-30T00:23:26.004777Z	7	command_upload_delay	33	283	432	33	445	213	416	9	2	17	9	6	6	0	15	6144	10000	predicting	1
2026-06-30T00:23:35.342479Z	9	command_upload_delay	446	446	392	11	204	195	108	14	2	17	8	7	6	0	15	6144	10000	disabled	0
2026-06-30T00:23:35.861894Z	7	command_upload_delay	34	37	467	248	314	314	34	12	2	17	8	6	5	0	15	6144	10000	resyncing	2
2026-06-30T00:23:45.351893Z	9	packet_budget_pressure	117	117	465	8	86	86	40	6	2	9	8	7	6	0	15	6144	10000	disabled	0
2026-06-30T00:23:45.990341Z	7	command_upload_delay	34	352	551	50	434	434	165	18	2	17	9	8	7	0	15	6144	10000	resyncing	3
2026-06-30T00:23:55.342228Z	9	command_upload_delay	32	382	418	27	408	402	34	13	6	9	8	8	6	0	15	6144	10000	disabled	0
2026-06-30T00:23:55.902788Z	7	command_server_queue	27	137	435	2	187	70	155	2	2	17	7	7	7	0	15	6144	10000	resyncing	1
2026-06-30T00:24:05.341034Z	9	command_upload_delay	143	1385	1318	33	1533	1533	91	6	2	18	8	7	6	0	15	6144	10000	disabled	0
2026-06-30T00:24:05.903511Z	7	command_upload_delay	225	256	465	219	272	268	45	18	9	17	8	6	6	0	15	6144	10000	resyncing	5
2026-06-30T00:24:15.748242Z	9	command_server_queue	18	273	359	9	325	124	201	7	2	17	8	7	6	0	15	6144	10000	disabled	0
2026-06-30T00:24:15.914929Z	7	command_upload_delay	34	359	429	67	265	265	52	14	2	17	13	12	5	0	15	6144	10000	resyncing	2
2026-06-30T00:24:25.345684Z	9	command_upload_delay	174	434	344	1	366	342	167	22	6	17	8	7	7	0	15	6144	10000	disabled	0
2026-06-30T00:24:25.919749Z	7	command_upload_delay	35	338	623	33	471	470	52	8	2	17	9	7	7	0	15	6144	10000	resyncing	1
2026-06-30T00:24:35.373638Z	9	command_upload_delay	159	267	399	29	424	407	40	14	2	17	8	7	6	0	15	6144	10000	disabled	0
2026-06-30T00:24:35.932822Z	7	command_upload_delay	33	190	452	33	400	400	36	5	2	17	13	8	7	0	15	6144	10000	resyncing	2
2026-06-30T00:24:45.348075Z	9	packet_budget_pressure	17	349	418	42	108	84	35	6	2	17	7	5	6	0	15	6144	10000	disabled	0
2026-06-30T00:24:46.170028Z	7	command_upload_delay	67	206	481	12	886	886	178	25	2	17	8	7	6	0	15	6144	10000	resyncing	5
2026-06-30T00:24:55.486724Z	9	command_upload_delay	41	72	384	215	334	325	37	12	2	17	8	7	9	0	15	6144	10000	disabled	0
2026-06-30T00:24:55.949572Z	7	command_upload_delay	36	421	435	283	270	269	54	9	2	17	8	7	7	0	15	6144	10000	resyncing	1
2026-06-30T00:25:05.593017Z	9	command_upload_delay	417	510	584	41	492	484	33	10	3	17	8	5	9	1	17	6144	10000	disabled	0
2026-06-30T00:25:06.237809Z	7	command_upload_delay	286	533	632	32	450	436	46	8	2	17	11	10	6	1	17	6144	10000	resyncing	2
2026-06-30T00:25:15.606192Z	9	command_upload_delay	42	301	417	41	333	324	108	12	2	17	9	8	6	0	17	6144	10000	disabled	0
2026-06-30T00:25:15.964120Z	7	command_upload_delay	51	51	481	216	429	416	179	9	2	17	12	12	6	0	17	6144	10000	resyncing	2
2026-06-30T00:25:25.488987Z	9	command_upload_delay	16	391	525	76	524	516	33	11	2	17	9	8	7	1	17	8192	10000	disabled	0
2026-06-30T00:25:26.009898Z	7	command_upload_delay	115	469	484	14	616	616	34	9	6	17	14	12	8	0	17	6144	10000	resyncing	3
2026-06-30T00:25:35.340180Z	9	command_server_queue	17	191	363	33	174	174	74	11	2	18	9	8	6	1	17	8192	10000	disabled	0
2026-06-30T00:25:35.985535Z	7	command_upload_delay	36	318	528	50	505	505	32	14	6	17	9	7	5	0	17	6144	10000	resyncing	3
2026-06-30T00:25:45.342849Z	9	command_upload_delay	25	60	418	9	303	292	92	14	2	18	9	8	6	0	17	8192	10000	disabled	0
2026-06-30T00:25:45.995731Z	7	command_upload_delay	216	315	499	32	549	535	217	25	2	17	9	7	8	0	17	6144	10000	resyncing	3
2026-06-30T00:25:55.355944Z	9	command_upload_delay	42	217	351	9	465	374	91	41	6	17	10	8	9	0	17	8192	10000	disabled	0
2026-06-30T00:25:56.004621Z	7	command_upload_delay	33	34	428	8	466	436	38	6	1	17	8	6	6	0	17	6144	10000	resyncing	1
2026-06-30T00:26:05.342243Z	9	command_upload_delay	68	392	417	24	303	303	25	5	2	17	9	8	6	0	17	8192	10000	disabled	0
2026-06-30T00:26:05.998459Z	7	command_upload_delay	31	333	399	2	480	470	278	30	2	17	11	10	6	0	17	6144	10000	resyncing	3
2026-06-30T00:26:15.463208Z	9	command_upload_delay	162	296	593	33	352	352	32	5	2	17	9	8	5	0	17	8192	10000	disabled	0
2026-06-30T00:26:16.001962Z	7	command_upload_delay	31	357	467	3	431	420	170	18	4	17	11	10	5	0	17	6144	10000	resyncing	3
2026-06-30T00:26:25.551038Z	9	command_upload_delay	24	176	411	47	350	342	33	17	11	18	10	9	5	0	17	8192	10000	disabled	0
2026-06-30T00:26:26.022438Z	7	command_upload_delay	87	153	724	16	433	433	44	12	2	17	12	10	5	0	17	6144	10000	resyncing	2
2026-06-30T00:26:35.385012Z	9	command_upload_delay	16	367	418	157	450	450	83	18	2	17	9	8	6	0	17	8192	10000	disabled	0
2026-06-30T00:26:36.021595Z	7	command_upload_delay	35	272	600	144	443	267	415	16	6	17	14	8	12	0	17	6144	10000	resyncing	6
2026-06-30T00:26:45.570432Z	9	command_upload_delay	662	662	759	9	818	810	54	25	10	17	9	8	6	1	17	8192	10000	disabled	0
2026-06-30T00:26:46.227282Z	7	prediction_correction	29	215	433	4	174	151	23	3	2	17	9	8	6	0	17	6144	10000	resyncing	1
2026-06-30T00:26:55.394793Z	9	command_upload_delay	79	287	466	41	449	449	244	21	2	17	9	9	6	0	17	8192	10000	disabled	0
2026-06-30T00:26:56.032198Z	7	command_upload_delay	32	396	505	18	266	233	33	18	17	17	12	10	6	0	17	6144	10000	resyncing	17
2026-06-30T00:27:05.359210Z	9	command_upload_delay	129	168	642	33	415	415	42	24	6	18	9	8	6	1	17	8192	10000	disabled	0
2026-06-30T00:27:06.058376Z	7	command_upload_delay	31	147	417	32	464	462	32	7	2	17	8	7	7	0	17	6144	10000	resyncing	3
2026-06-30T00:27:15.359102Z	9	command_upload_delay	34	85	466	50	359	349	42	7	2	17	7	6	9	0	17	8192	10000	disabled	0
2026-06-30T00:27:16.066396Z	7	prediction_correction	216	396	491	300	164	164	35	6	2	33	11	10	6	0	17	6144	10000	resyncing	1
2026-06-30T00:27:25.345817Z	9	command_upload_delay	19	97	670	72	241	232	40	5	2	18	11	8	6	0	17	8192	10000	disabled	0
2026-06-30T00:27:26.085194Z	7	command_upload_delay	33	285	429	32	400	251	163	19	9	33	8	6	6	0	17	6144	10000	resyncing	5
2026-06-30T00:27:35.364954Z	9	command_upload_delay	35	141	545	7	182	182	44	25	7	25	9	8	6	1	17	8192	10000	disabled	0
2026-06-30T00:27:36.098977Z	7	command_upload_delay	171	352	812	14	314	303	31	7	2	33	9	7	8	0	17	6144	10000	resyncing	2
2026-06-30T00:27:45.348729Z	9	command_upload_delay	27	85	431	33	369	360	28	14	2	18	10	8	7	0	17	8192	10000	disabled	0
2026-06-30T00:27:46.094477Z	7	command_upload_delay	32	807	461	19	810	810	38	13	6	33	13	12	7	0	17	6144	10000	resyncing	3
2026-06-30T00:27:55.356094Z	9	command_server_queue	33	205	440	33	207	75	189	4	2	25	11	10	8	0	17	8192	10000	disabled	0
2026-06-30T00:27:56.114920Z	7	command_upload_delay	32	317	447	12	654	412	287	13	2	33	9	8	8	0	17	6144	10000	resyncing	2
2026-06-30T00:28:05.478395Z	9	packet_budget_pressure	25	389	416	24	48	19	29	1	1	25	9	8	7	0	17	8192	10000	disabled	0
2026-06-30T00:28:06.447581Z	7	command_upload_delay	32	281	606	121	356	313	310	14	2	33	13	12	6	0	17	6144	10000	resyncing	2
2026-06-30T00:28:15.358001Z	9	command_server_queue	93	224	534	6	559	111	534	6	2	18	11	10	7	0	17	8192	10000	disabled	0
2026-06-30T00:28:16.220275Z	7	command_upload_delay	61	61	684	14	654	654	31	6	2	33	11	10	7	1	17	8192	10000	predicting	3
2026-06-30T00:28:25.367238Z	9	command_upload_delay	27	366	450	53	403	393	265	16	2	25	11	10	7	0	17	8192	10000	disabled	0
2026-06-30T00:28:26.295059Z	7	command_upload_delay	220	220	449	60	481	480	169	12	2	33	9	8	9	0	17	8192	10000	resyncing	1
2026-06-30T00:28:35.353929Z	9	packet_budget_pressure	18	145	543	9	128	119	26	8	2	25	12	11	7	0	17	8192	10000	disabled	0
2026-06-30T00:28:36.169962Z	7	command_upload_delay	33	193	646	34	352	351	20	7	2	33	13	12	7	0	17	6144	10000	resyncing	1
2026-06-30T00:28:45.398383Z	9	command_upload_delay	24	94	624	16	545	535	25	6	2	17	12	11	6	0	18	8192	10000	disabled	0
2026-06-30T00:28:46.268766Z	7	command_upload_delay	32	165	351	32	602	602	253	20	2	33	12	10	9	0	18	6144	10000	resyncing	2
2026-06-30T00:28:55.365984Z	9	command_upload_delay	45	554	646	10	294	286	25	4	2	17	11	10	7	0	18	8192	10000	disabled	0
2026-06-30T00:28:56.196204Z	7	command_upload_delay	99	304	600	35	401	401	53	14	4	17	9	8	6	0	18	6144	10000	resyncing	5
2026-06-30T00:29:05.355643Z	9	command_upload_delay	29	139	436	57	246	246	87	5	2	25	15	14	6	0	18	8192	10000	disabled	0
2026-06-30T00:29:06.196676Z	7	command_upload_delay	34	253	450	3	315	315	33	7	2	17	8	7	6	0	18	6144	10000	resyncing	1
2026-06-30T00:29:15.357220Z	9	command_upload_delay	478	478	491	56	267	266	37	10	2	17	16	15	6	0	18	8192	10000	disabled	0
2026-06-30T00:29:16.253883Z	7	prediction_correction	31	264	638	181	82	66	34	5	2	33	9	7	8	1	18	6144	10000	resyncing	1
2026-06-30T00:29:25.354917Z	9	packet_budget_pressure	55	277	489	44	50	26	23	1	1	25	15	13	6	0	18	8192	10000	disabled	0
2026-06-30T00:29:26.340209Z	7	command_upload_delay	83	252	417	6	190	190	90	18	5	33	13	10	6	0	18	6144	10000	resyncing	3
2026-06-30T00:29:35.353847Z	9	command_server_queue	46	373	501	44	110	75	83	5	2	26	17	16	6	0	18	8192	10000	disabled	0
2026-06-30T00:29:36.378476Z	7	command_upload_delay	33	63	402	14	216	185	33	7	2	33	14	12	9	0	18	6144	10000	resyncing	2
2026-06-30T00:29:45.348444Z	9	packet_budget_pressure	19	587	558	42	0	0	0	0	0	42	31	30	9	0	18	8192	10000	disabled	0
2026-06-30T00:29:46.387837Z	7	command_upload_delay	109	126	450	3	248	190	217	15	2	33	9	8	6	0	18	6144	10000	resyncing	2
2026-06-30T00:29:55.393276Z	9	command_upload_delay	27	190	428	64	265	257	8	2	2	25	15	14	7	0	18	8192	10000	disabled	0
2026-06-30T00:29:56.583022Z	7	command_server_queue	47	421	419	28	280	143	218	8	2	50	8	7	7	1	18	6144	10000	predicting	1
2026-06-30T00:30:05.557524Z	9	command_upload_delay	19	266	565	65	563	563	493	18	5	25	14	13	8	0	18	8192	10000	disabled	0
2026-06-30T00:30:06.455270Z	7	command_upload_delay	48	110	496	19	280	280	154	5	2	33	9	8	6	0	18	6144	10000	resyncing	2
2026-06-30T00:30:15.641489Z	9	command_upload_delay	18	330	419	62	428	421	36	15	2	25	17	15	9	0	18	8192	10000	disabled	0
2026-06-30T00:30:16.403352Z	7	command_density	47	141	377	155	139	139	31	17	6	33	14	9	6	0	18	6144	10000	tracking	6
2026-06-30T00:30:25.346952Z	9	packet_budget_pressure	17	363	571	9	0	0	0	0	0	17	16	16	8	0	18	8192	10000	disabled	0
2026-06-30T00:30:26.399975Z	7	command_upload_delay	33	219	466	33	340	339	188	12	7	33	9	7	7	0	18	6144	10000	resyncing	6
2026-06-30T00:30:35.351239Z	9	packet_budget_pressure	75	183	341	8	0	0	0	0	0	33	16	16	9	0	18	8192	10000	disabled	0
2026-06-30T00:30:36.412583Z	7	command_density	31	82	296	14	62	62	30	6	6	33	10	8	6	0	18	6144	10000	resyncing	6
2026-06-30T00:30:45.348224Z	9	command_server_queue	58	58	299	33	100	53	72	4	2	18	10	9	8	0	18	8192	10000	disabled	0
2026-06-30T00:30:46.424483Z	7	command_upload_delay	34	272	327	18	204	203	62	24	6	33	9	8	9	1	18	6144	10000	tracking	3
2026-06-30T00:30:55.347472Z	9	command_server_queue	19	40	106	24	113	35	84	8	2	18	9	8	7	0	18	8192	10000	disabled	0
2026-06-30T00:30:56.436561Z	7	prediction_correction	31	63	470	29	90	78	46	10	2	33	13	10	6	0	18	6144	10000	resyncing	1
2026-06-30T00:31:05.384599Z	9	command_upload_delay	62	94	585	15	204	194	97	17	3	18	10	9	7	0	18	8192	10000	disabled	0
2026-06-30T00:31:06.470139Z	7	command_upload_delay	544	544	357	33	667	543	331	26	19	50	10	7	6	0	18	6144	10000	resyncing	19
2026-06-30T00:31:15.364132Z	9	command_server_queue	38	63	342	52	132	35	103	6	2	25	11	10	8	0	18	8192	10000	disabled	0
2026-06-30T00:31:16.533113Z	7	command_upload_delay	31	78	478	32	269	269	32	14	2	33	10	8	6	0	18	6144	10000	resyncing	2
2026-06-30T00:31:25.349621Z	9	command_server_queue	108	447	481	41	129	78	107	10	4	18	11	9	8	0	18	8192	10000	disabled	0
2026-06-30T00:31:26.540564Z	7	command_upload_delay	281	362	655	32	859	859	63	12	2	33	13	13	9	0	18	6144	10000	resyncing	6
2026-06-30T00:31:35.352895Z	9	packet_budget_pressure	21	76	237	47	117	108	56	7	4	25	12	10	8	0	18	8192	10000	disabled	0
2026-06-30T00:31:36.566636Z	7	prediction_correction	48	108	79	31	110	80	45	8	2	33	14	12	7	0	18	6144	10000	predicting	1
2026-06-30T00:31:45.354154Z	9	packet_budget_pressure	27	38	283	33	128	108	44	7	2	25	12	10	8	0	18	8192	10000	disabled	0
2026-06-30T00:31:46.566129Z	7	prediction_correction	49	62	389	32	92	47	60	2	1	33	10	8	6	0	18	6144	10000	resyncing	1
2026-06-30T00:31:55.358125Z	9	command_upload_delay	370	370	330	43	369	359	92	9	2	18	11	9	7	1	18	8192	10000	disabled	0
2026-06-30T00:31:56.581961Z	7	prediction_correction	161	161	234	18	64	62	30	2	1	33	15	13	7	0	18	6144	10000	resyncing	1
2026-06-30T00:32:05.352847Z	9	packet_budget_pressure	34	83	106	73	95	57	56	19	2	18	11	10	8	1	18	8192	10000	disabled	0
2026-06-30T00:32:06.640858Z	7	command_upload_delay	33	560	642	32	574	517	528	21	2	33	11	9	7	1	18	8192	10000	resyncing	2
2026-06-30T00:32:15.358919Z	9	packet_budget_pressure	48	48	275	33	137	127	38	10	2	25	13	12	8	0	18	8192	10000	disabled	0
2026-06-30T00:32:17.064216Z	7	command_upload_delay	63	130	314	281	237	234	46	17	2	50	10	9	7	0	18	8192	10000	resyncing	2
2026-06-30T00:32:25.353671Z	9	command_server_queue	438	438	376	108	130	39	104	11	2	25	16	13	10	0	18	8192	10000	disabled	0
2026-06-30T00:32:26.666015Z	7	prediction_correction	343	343	529	32	92	63	30	4	2	33	12	11	8	0	18	8192	10000	resyncing	1
2026-06-30T00:32:35.353188Z	9	command_upload_delay	43	52	303	9	306	295	89	15	2	25	15	14	8	1	19	8192	10000	disabled	0
2026-06-30T00:32:36.678949Z	7	command_upload_delay	62	134	217	32	189	189	63	18	2	50	11	10	7	0	19	6144	10000	resyncing	2
2026-06-30T00:32:45.365352Z	9	packet_budget_pressure	211	211	434	33	70	52	18	2	1	33	19	17	7	0	19	8192	10000	disabled	0
2026-06-30T00:32:46.686039Z	7	command_upload_delay	33	66	530	30	300	300	78	6	2	50	15	13	6	0	19	6144	10000	resyncing	1
2026-06-30T00:32:55.374733Z	9	command_density	38	69	188	13	151	142	52	24	10	25	18	16	6	1	19	8192	10000	disabled	0
2026-06-30T00:32:56.689691Z	7	command_server_queue	32	78	186	28	110	77	76	4	2	33	11	9	7	0	19	6144	10000	tracking	1
2026-06-30T00:33:05.354071Z	9	command_upload_delay	28	40	291	7	279	270	28	4	2	33	17	16	9	0	19	8192	10000	disabled	0
2026-06-30T00:33:06.783295Z	7	command_upload_delay	32	111	374	33	408	408	47	6	2	33	13	12	7	0	20	6144	10000	resyncing	1
2026-06-30T00:33:15.353382Z	9	command_upload_delay	32	217	307	15	289	236	251	12	4	25	15	14	6	0	20	8192	10000	disabled	0
2026-06-30T00:33:16.701782Z	7	prediction_correction	33	76	283	17	126	96	31	8	2	33	11	10	5	0	20	6144	10000	resyncing	1
2026-06-30T00:33:25.351158Z	9	command_server_queue	36	102	250	16	124	28	96	1	1	25	14	13	6	0	20	8192	10000	disabled	0
2026-06-30T00:33:26.714183Z	7	prediction_correction	78	78	420	18	77	50	32	9	5	33	10	9	5	0	20	6144	10000	resyncing	5
2026-06-30T00:33:35.406055Z	9	command_upload_delay	64	146	326	67	416	405	43	5	2	25	15	14	7	0	20	8192	10000	disabled	0
2026-06-30T00:33:36.737920Z	7	prediction_correction	33	95	360	18	79	64	47	4	2	33	12	11	5	0	20	4096	10000	tracking	1
2026-06-30T00:33:45.359720Z	9	packet_budget_pressure	40	187	356	14	168	139	45	15	2	25	15	14	6	0	21	8192	10000	disabled	0
2026-06-30T00:33:46.819461Z	7	command_upload_delay	78	78	233	32	234	234	46	26	2	33	10	9	6	0	21	4096	10000	predicting	2
2026-06-30T00:33:55.402994Z	9	command_upload_delay	36	103	444	6	206	206	50	13	2	25	17	16	7	0	21	8192	10000	disabled	0
2026-06-30T00:33:56.845781Z	7	command_upload_delay	62	62	424	18	453	408	422	29	6	33	9	7	6	0	21	4096	10000	resyncing	3
2026-06-30T00:34:05.360963Z	9	command_upload_delay	28	77	497	24	463	452	90	8	2	33	18	17	9	0	21	8192	10000	disabled	0
2026-06-30T00:34:06.921763Z	7	prediction_correction	30	64	345	18	62	46	16	1	1	33	13	11	5	0	21	4096	10000	resyncing	1
2026-06-30T00:34:15.362607Z	9	packet_budget_pressure	26	42	498	56	73	64	27	3	2	33	17	16	6	0	21	8192	10000	disabled	0
2026-06-30T00:34:17.143411Z	7	prediction_correction	48	66	375	18	125	125	64	7	2	33	11	10	7	0	21	4096	10000	predicting	1
2026-06-30T00:34:25.350428Z	9	command_upload_delay	96	96	402	45	209	192	94	13	2	25	19	18	6	1	21	8192	10000	disabled	0
2026-06-30T00:34:26.940897Z	7	command_upload_delay	30	331	326	18	373	373	46	9	2	33	9	8	7	0	21	4096	10000	resyncing	1
2026-06-30T00:34:35.357998Z	9	command_server_queue	27	72	111	54	126	95	94	19	6	25	16	15	7	0	21	8192	10000	disabled	0
2026-06-30T00:34:36.973904Z	7	prediction_correction	31	46	268	30	77	47	48	7	2	33	13	11	5	1	21	4096	10000	resyncing	1
2026-06-30T00:34:45.360644Z	9	packet_budget_pressure	27	59	306	38	99	64	38	10	4	25	14	9	6	1	21	8192	10000	disabled	0
2026-06-30T00:34:47.005529Z	7	command_density	31	160	296	29	110	110	31	20	5	33	14	12	6	0	21	4096	10000	resyncing	4
2026-06-30T00:34:55.347396Z	9	command_server_queue	19	73	489	40	151	126	114	12	2	25	20	19	6	0	21	8192	10000	disabled	0
2026-06-30T00:34:57.014235Z	7	command_server_queue	33	314	296	18	203	93	170	6	2	33	12	12	7	0	21	4096	10000	resyncing	1
2026-06-30T00:35:05.354447Z	9	command_server_queue	29	106	258	54	124	103	88	18	4	25	16	15	8	1	21	8192	10000	disabled	0
2026-06-30T00:35:07.036878Z	7	prediction_correction	32	85	281	18	77	47	32	3	1	33	10	9	6	0	21	4096	10000	tracking	1
2026-06-30T00:35:15.354915Z	9	command_upload_delay	180	180	347	33	344	325	94	37	2	25	19	17	7	0	21	8192	10000	disabled	0
2026-06-30T00:35:17.068206Z	7	prediction_correction	48	96	216	14	93	63	62	16	2	50	10	9	5	0	21	4096	10000	resyncing	1
2026-06-30T00:35:25.443905Z	9	command_upload_delay	28	57	283	24	322	226	283	9	2	25	10	9	6	0	21	8192	10000	disabled	0
2026-06-30T00:35:27.152418Z	7	command_upload_delay	32	188	217	17	183	183	47	9	2	33	13	12	6	0	21	4096	10000	resyncing	1
2026-06-30T00:35:35.355254Z	9	command_upload_delay	19	204	279	18	220	201	49	9	2	25	17	16	8	0	21	8192	10000	disabled	0
2026-06-30T00:35:37.083642Z	7	prediction_correction	49	49	326	13	141	126	47	16	2	33	10	9	6	0	21	4096	10000	tracking	1
2026-06-30T00:35:45.351815Z	9	packet_budget_pressure	140	140	251	8	75	57	36	3	1	25	16	9	8	0	21	8192	10000	disabled	0
2026-06-30T00:35:47.107847Z	7	prediction_correction	33	62	294	28	95	62	47	11	2	33	10	9	5	0	21	4096	10000	resyncing	1
2026-06-30T00:35:55.358783Z	9	command_server_queue	21	75	252	33	139	86	81	8	4	33	22	21	6	0	22	8192	10000	disabled	0
2026-06-30T00:35:57.117447Z	7	prediction_correction	32	64	263	18	108	80	62	17	2	33	9	8	6	1	22	4096	10000	resyncing	1
2026-06-30T00:36:05.424941Z	9	command_server_queue	63	63	130	20	134	86	84	7	2	42	19	18	9	0	22	8192	10000	disabled	0
2026-06-30T00:36:07.185747Z	7	prediction_correction	61	61	219	18	95	48	48	7	3	33	11	9	7	0	22	6144	10000	resyncing	1
2026-06-30T00:36:15.394916Z	9	command_response_delay	21	97	270	8	189	178	50	16	2	25	11	10	7	0	22	8192	10000	disabled	0
2026-06-30T00:36:17.196690Z	7	prediction_correction	31	34	265	14	159	159	60	9	2	50	10	9	6	1	22	6144	10000	resyncing	1
2026-06-30T00:36:25.360750Z	9	command_server_queue	31	376	332	7	127	100	74	6	2	26	19	18	6	0	23	8192	10000	disabled	0
2026-06-30T00:36:27.214065Z	7	prediction_correction	63	145	419	32	94	61	46	7	2	33	13	12	6	0	23	6144	10000	resyncing	1
2026-06-30T00:36:35.360295Z	9	command_upload_delay	20	110	328	68	350	350	79	29	2	25	21	19	6	0	23	8192	10000	disabled	0
2026-06-30T00:36:37.220203Z	7	command_upload_delay	32	61	434	29	282	266	44	8	1	33	11	8	5	0	23	6144	10000	resyncing	1
2026-06-30T00:36:45.358243Z	9	command_upload_delay	18	87	325	51	207	207	39	10	2	50	9	7	6	0	23	8192	10000	disabled	0
2026-06-30T00:36:47.229700Z	7	prediction_correction	63	77	232	17	62	31	32	3	1	33	14	12	5	0	23	6144	10000	resyncing	1
2026-06-30T00:36:55.357997Z	9	packet_budget_pressure	55	130	222	72	109	82	36	6	2	25	20	20	6	1	23	8192	10000	disabled	0
2026-06-30T00:36:57.250220Z	7	command_upload_delay	48	62	310	18	250	250	60	10	2	33	10	9	5	0	24	4096	10000	resyncing	1
2026-06-30T00:37:05.364307Z	9	command_upload_delay	18	87	259	33	269	259	97	11	2	25	20	19	6	0	24	8192	10000	disabled	0
2026-06-30T00:37:07.250284Z	7	command_server_queue	31	141	232	15	108	49	77	5	1	33	10	8	5	0	24	4096	10000	resyncing	1
2026-06-30T00:37:15.350257Z	9	command_upload_delay	38	65	226	73	325	317	43	9	4	34	22	21	7	1	24	8192	10000	disabled	0
2026-06-30T00:37:17.293443Z	7	prediction_correction	32	48	263	17	77	49	43	6	1	33	14	11	6	1	24	4096	10000	resyncing	1
2026-06-30T00:37:25.359188Z	9	command_upload_delay	59	687	458	33	763	730	49	7	2	33	20	19	6	0	24	8192	10000	disabled	0
2026-06-30T00:37:27.301672Z	7	prediction_correction	33	64	327	17	95	47	48	7	2	33	10	9	6	1	24	4096	10000	resyncing	1
2026-06-30T00:37:35.357023Z	9	packet_budget_pressure	31	95	286	24	93	49	44	5	2	33	25	24	7	1	25	8192	10000	disabled	0
2026-06-30T00:37:37.306642Z	7	prediction_correction	31	179	221	18	94	75	61	12	2	33	14	12	6	0	25	4096	10000	resyncing	1
2026-06-30T00:37:45.350708Z	9	command_upload_delay	19	100	246	46	190	180	39	10	2	33	11	10	6	1	25	8192	10000	disabled	0
2026-06-30T00:37:47.308216Z	7	prediction_correction	35	47	231	11	77	47	31	6	1	33	12	12	5	0	25	4096	10000	resyncing	1
2026-06-30T00:37:55.362845Z	9	command_upload_delay	41	41	316	57	309	299	36	7	1	58	49	47	6	0	27	8192	10000	disabled	0
2026-06-30T00:37:57.309840Z	7	command_upload_delay	31	62	389	17	420	420	76	17	2	50	9	8	5	0	27	4096	10000	resyncing	1
2026-06-30T00:38:05.363165Z	9	packet_budget_pressure	43	84	294	67	131	92	38	5	2	33	24	22	6	0	27	8192	10000	disabled	0
2026-06-30T00:38:07.353985Z	7	prediction_correction	31	79	203	12	95	95	46	13	2	33	9	8	6	1	27	4096	10000	resyncing	1
2026-06-30T00:38:15.364908Z	9	packet_budget_pressure	19	217	235	53	93	64	45	5	2	33	22	21	7	1	27	8192	10000	disabled	0
2026-06-30T00:38:17.372868Z	7	prediction_correction	33	64	215	14	76	46	45	5	2	33	11	9	5	0	27	4096	10000	resyncing	1
2026-06-30T00:38:25.357232Z	9	command_server_queue	317	317	265	33	121	89	79	12	4	33	24	23	5	0	27	8192	10000	disabled	0
2026-06-30T00:38:27.371905Z	7	command_density	31	62	281	12	94	78	61	22	7	33	13	11	5	0	27	4096	10000	resyncing	7
2026-06-30T00:38:35.357070Z	9	packet_budget_pressure	26	63	255	24	76	47	29	2	1	33	25	24	5	0	27	8192	10000	disabled	0
2026-06-30T00:38:37.373881Z	7	command_server_queue	48	131	266	17	168	168	77	21	2	33	13	12	5	0	27	4096	10000	resyncing	1
2026-06-30T00:38:45.358031Z	9	packet_budget_pressure	52	52	121	7	132	92	48	7	2	33	21	21	6	0	27	8192	10000	disabled	0
2026-06-30T00:38:47.382176Z	7	prediction_correction	32	236	455	45	76	47	46	6	2	33	9	7	5	0	27	4096	10000	tracking	1
2026-06-30T00:38:55.370736Z	9	packet_budget_pressure	21	88	113	22	128	97	40	18	2	33	23	22	7	2	28	8192	10000	disabled	0
2026-06-30T00:38:57.447703Z	7	command_upload_delay	33	46	483	18	423	422	63	27	4	33	13	12	6	1	28	4096	10000	predicting	3
2026-06-30T00:39:05.352316Z	9	command_server_queue	185	185	619	6	143	56	98	8	2	34	26	24	6	0	30	8192	10000	disabled	0
2026-06-30T00:39:07.440071Z	7	command_server_queue	47	48	124	17	141	63	110	22	2	33	10	9	6	0	30	4096	10000	resyncing	1
2026-06-30T00:39:15.367821Z	9	command_server_queue	59	59	184	7	134	114	94	10	2	33	11	10	5	0	30	8192	10000	disabled	0
2026-06-30T00:39:17.459149Z	7	prediction_correction	47	64	279	17	93	48	62	11	2	33	15	13	5	0	30	4096	10000	resyncing	1
2026-06-30T00:39:25.402743Z	9	packet_budget_pressure	48	789	694	7	109	98	29	7	2	33	25	23	8	0	30	8192	10000	disabled	0
2026-06-30T00:39:27.460016Z	7	command_upload_delay	32	33	420	15	436	436	46	12	2	33	9	8	5	0	30	4096	10000	resyncing	1
2026-06-30T00:39:35.364318Z	9	command_upload_delay	29	80	303	23	291	280	39	6	2	33	23	22	5	1	30	8192	10000	disabled	0
2026-06-30T00:39:37.476327Z	7	command_upload_delay	31	328	576	13	205	189	30	3	2	33	9	8	4	0	30	4096	10000	resyncing	1
2026-06-30T00:39:45.357724Z	9	command_server_queue	36	52	185	51	118	100	76	8	4	33	24	23	5	0	30	8192	10000	disabled	0
2026-06-30T00:39:47.497803Z	7	prediction_correction	34	47	249	18	173	173	31	11	2	33	10	8	5	0	30	4096	10000	resyncing	2
2026-06-30T00:39:55.353995Z	9	packet_budget_pressure	40	98	216	33	63	28	35	1	1	42	24	24	5	1	30	8192	10000	disabled	0
2026-06-30T00:39:57.509463Z	7	prediction_correction	31	62	250	31	138	111	47	13	2	33	9	8	5	0	30	4096	10000	tracking	1
2026-06-30T00:40:05.354558Z	9	command_upload_delay	40	305	323	13	449	440	39	8	2	33	27	25	8	0	30	8192	10000	disabled	0
2026-06-30T00:40:07.518165Z	7	command_density	222	222	235	12	92	92	46	21	2	33	8	8	7	0	30	4096	10000	tracking	2
2026-06-30T00:40:15.352983Z	9	packet_budget_pressure	83	83	246	6	93	70	37	8	2	34	26	25	7	0	30	8192	10000	disabled	0
2026-06-30T00:40:17.716690Z	7	command_response_delay	65	65	233	18	201	174	46	8	2	33	10	8	5	0	30	4096	10000	resyncing	1
2026-06-30T00:40:25.361651Z	9	command_upload_delay	38	728	637	14	726	717	168	23	2	42	25	24	8	1	30	8192	10000	disabled	0
2026-06-30T00:40:27.548093Z	7	prediction_correction	30	207	252	18	77	49	31	5	2	33	10	8	5	1	30	4096	10000	resyncing	1
2026-06-30T00:40:35.359282Z	9	packet_budget_pressure	29	46	267	13	134	110	38	10	2	42	28	27	6	0	30	8192	10000	disabled	0
2026-06-30T00:40:37.558289Z	7	prediction_correction	32	48	517	12	78	76	45	4	2	33	13	11	5	0	30	4096	10000	resyncing	1
2026-06-30T00:40:45.414240Z	9	packet_budget_pressure	28	48	332	33	80	74	36	3	1	33	25	24	5	1	30	8192	10000	disabled	0
2026-06-30T00:40:47.587655Z	7	command_server_queue	48	48	469	15	280	154	247	2	2	33	13	11	5	0	32	4096	10000	resyncing	1
2026-06-30T00:40:55.377857Z	9	command_upload_delay	24	81	322	22	381	236	283	32	2	43	28	27	6	0	32	8192	10000	disabled	0
2026-06-30T00:40:57.603768Z	7	command_density	48	94	172	33	173	143	48	32	2	33	14	12	5	0	32	4096	10000	resyncing	1
2026-06-30T00:41:05.361937Z	9	packet_budget_pressure	211	211	292	6	67	30	37	3	2	42	28	27	5	0	32	8192	10000	disabled	0
2026-06-30T00:41:07.604344Z	7	command_upload_delay	30	78	205	18	203	189	62	25	2	33	12	11	6	0	32	4096	10000	tracking	2
2026-06-30T00:41:15.365032Z	9	command_server_queue	29	284	718	684	243	104	216	19	2	33	11	10	5	1	32	8192	10000	disabled	0
2026-06-30T00:41:17.670702Z	7	prediction_correction	47	48	298	17	0	0	0	0	0	33	12	11	6	0	32	3072	10000	tracking	0
2026-06-30T00:41:25.354776Z	9	command_upload_delay	68	122	593	51	575	575	97	22	2	34	24	11	7	0	32	8192	10000	disabled	0
2026-06-30T00:41:25.966753Z	9	snapshot_gap	50	50	87	53	0	0	0	0	0	18	5	5	5	0	32	8192	10000	disabled	0
2026-06-30T00:41:26.058000Z	7	prediction_correction	33	49	202	5	0	0	0	0	0	33	8	7	5	0	32	3072	10000	tracking	0
